Invoice Output Date,Distributor Code,Invoice Number,Distributor Reference Number,Number Of Items,Total Amount,
14/02/2015,536C,21453,,22,4717.59,
12/02/2015,536C,21442,,13,2887.04,
16/02/2015,536C,21484,,3,36038.00,
16/02/2015,536C,21485,,17,2086.54,
16/02/2015,555J,21472,,1,124400.00,
07/03/2019,575N,45386,,1,34400.00,
06/03/2019,536C,45377,,1,32600.00,
06/03/2019,536C,45378,,1,32600.00,
07/03/2019,536C,45435,,1,24450.00,
25/04/2020,536C,54922,,36,8886.51,
25/04/2020,536C-AAQ,54923,,9,3188.29,
25/04/2020,536C-SP,54924,,67,10400.33,
11/02/2015,536C,21423,,1,23440.00,
13/06/2021,536C,59498,,32,2180.20,
18/02/2015,536C,21522,,2,18960.00,
18/02/2015,536C,21529,,13,544.35,
19/02/2015,536C,21546,,12,4114.19,
17/02/2015,536C,21509,,6,1208.53,
18/10/2016,536C,31208,,3,1302.34,
30/07/2017,536C,35595,,4,534.30,
31/07/2017,536C,35630,,7,1050.61,
01/08/2017,536C,35645,,2,8148.63,
03/08/2017,536C,35669,,11,208.80,
16/06/2016,536C,29275,,3,317.36,
22/06/2016,555R,29345,,4,58189.38,
22/06/2016,555R,29349,,6,66820.80,
13/10/2016,536C,31143,,1,9940.00,
26/02/2020,536C,53839,,1,11794.22,
04/08/2015,536C,24094,,4,1254.45,
05/08/2015,536C,24112,,4,222.89,
08/08/2015,536C,24132,,10,11005.64,
13/06/2015,536C,23299,,7,2468.16,
16/06/2015,9999,23366,,3,529.46,
15/06/2015,536C,23346,,8,4801.91,
16/06/2015,536C,23363,,8,6442.90,
17/06/2015,536C,23384,,2,59.73,
20/06/2015,536C,23410,,14,7408.22,
20/06/2015,536C,23411,,22,3144.24,
06/08/2015,536C,24131,,60,17096.94,
10/08/2015,536C,24194,,161,37074.49,
26/10/2015,536C,25373,,14,1157.83,
28/10/2015,536C,25407,,6,227.83,
31/10/2015,536C,25432,,13,497.92,
02/07/2015,536C,23605,,5,218.84,
02/07/2015,536C,23621,,18,913.70,
04/07/2015,536C,23633,,12,2749.42,
07/07/2015,9999,23676,,1,1347.64,
07/07/2015,536C,23670,,15,7061.48,
07/09/2015,536C,24643,,1,11046.00,
07/09/2015,536C,24644,,3,37678.00,
07/09/2015,536C,24645,,2,3709.31,
08/09/2015,536C,24669,,6,2439.88,
19/03/2015,536C,21987,,6,1392.86,
23/03/2015,536C,22039,,5,36038.00,
23/03/2015,536C,22042,,20,3355.59,
21/03/2015,536C,21989,,25,5333.07,
24/02/2016,536C,27324,,4,703.99,
05/11/2015,536C,25534,,2,18006.00,
12/07/2017,536C,35347,,3,3165.53,
16/07/2017,536C,35397,,2,409.47,
13/07/2017,536C,35371,,5,2722.64,
29/06/2015,536C,23567,,2,17064.00,
29/06/2015,536C,23568,,4,39206.00,
30/06/2015,536C,23569,,25,4361.20,
05/07/2015,555J,23649,,1,86040.00,
10/11/2015,536C,25606,,3,2096.86,
30/10/2014,536C,19884,,25,2976.10,
04/11/2014,536C,19942,,42,16000.45,
30/05/2016,536C,28974,,3,134400.00,
23/06/2016,536C,29362,,1,4922.49,
19/10/2017,536C,36761,,5,193.30,
19/10/2017,536C,36789,,5,709.24,
19/10/2017,536C,36790,,3,30005.12,
22/10/2017,536C,36813,,5,125.12,
10/11/2016,536C,31610,,21,647.61,
10/11/2016,536C,31626,,1,50.67,
15/11/2016,536C,31699,,4,465.92,
26/05/2015,536C,23016,,5,662.30,
30/05/2015,536C,23054,,27,6471.37,
27/05/2015,536C,23034,,3,370.92,
28/05/2015,536C,23052,,13,3047.82,
07/12/2015,536C,26024,,9,1099.09,
08/12/2015,536C,26035,,11,6941.19,
16/09/2015,536C,24792,,4,153.51,
17/09/2015,536C,24809,,3,544.77,
20/12/2017,536C,37689,,3,30501.24,
18/12/2017,536C,37650,,1,12488.00,
18/12/2017,536C,37672,,10,7499.01,
19/08/2015,536C,24354,,4,310.03,
03/04/2016,536C,27970,,1,184.40,
05/04/2016,536C,28022,,22,13708.59,
05/04/2016,536C,28023,,1,23.05,
01/10/2015,536C,24980,,7,928.76,
01/10/2015,536C,24997,,7,2007.27,
04/10/2015,536C,25010,,4,941.20,
05/10/2015,536C,25046,,16,17476.08,
04/02/2015,536C,21314,,10,1903.45,
04/02/2015,536C,21315,,1,866.62,
09/02/2015,536C,21386,,25,2250.08,
09/03/2015,536C,21812,,26,7437.59,
14/03/2015,536C,21874,,4,594.01,
11/03/2015,536C,21853,,14,2632.69,
10/03/2015,536C,21835,,7,2266.52,
21/02/2015,536C,21554,,26,4385.18,
23/02/2015,536C,21602,,5,372.25,
28/02/2015,536C,21655,,12,2243.59,
03/08/2020,536C,56427,,33,8282.09,
05/08/2020,533K,56453,,13,1982.83,
05/08/2020,530L,56454,,9,5620.67,
05/08/2020,575N,56455,,11,2561.68,
06/08/2020,555J,56470,,28,11477.18,
24/02/2015,536C,21615,,18,1194.50,
25/02/2015,536C,21634,,3,881.13,
26/02/2015,536C,21650,,2,16568.80,
07/03/2015,536C,21762,,15,2385.07,
26/02/2015,536C,21652,,13,1249.39,
02/03/2015,536C,21705,,7,855.52,
03/03/2015,536C,21716,,8,637.12,
04/03/2015,536C,21731,,27,4836.75,
07/05/2016,536C,28526,,1,2488.92,
25/08/2016,536C,30379,,4,169.37,
25/08/2016,536C,30381,,2,4688.00,
27/09/2017,536C,36442,,3,29286.06,
14/09/2016,536C,30648,,18,2205.14,
19/04/2017,536C,34138,,1,12488.00,
19/04/2017,536C,34139,,2,31345.72,
19/04/2017,536C,34140,,3,11997.58,
22/03/2015,536C,22021,,2,23440.00,
24/03/2015,536C,22057,,1,9680.00,
18/04/2015,536C,22421,,5,780.13,
20/04/2015,536C,22450,,2,46294.00,
20/04/2015,536C,22452,,2,18006.00,
20/04/2015,536C,22466,,10,999.74,
21/04/2015,536C,22487,,5,212.46,
23/04/2015,536C,22524,,11,1022.31,
11/05/2015,536C,22798,,4,191.75,
12/05/2015,536C,22810,,8,5056.99,
19/05/2015,536C,22908,,3,16248.00,
13/05/2015,536C,22825,,14,2091.01,
21/05/2015,536C,22945,,7,1125.98,
01/06/2015,536C,23107,,11,2559.38,
03/06/2015,536C,23149,,18,1993.57,
04/06/2015,536C,23176,,15,4746.48,
07/06/2015,536C,23202,,15,1552.79,
24/03/2015,536C,22062,,9,9827.20,
25/03/2015,536C,22088,,10,5106.96,
26/03/2015,536C,22100,,21,2527.94,
28/03/2015,536C,22105,,8,2754.94,
30/03/2015,536C,22149,,8,2090.18,
02/04/2015,536C,22208,,10,1146.61,
07/04/2015,536C,22276,,5,709.32,
08/04/2015,536C,22295,,16,736.31,
09/04/2015,536C,22312,,35,4507.32,
03/03/2016,536C,27450,,7,2037.30,
19/10/2016,536C,31221,,6,626.26,
06/03/2016,555J,27479,,1,8582.80,
07/03/2016,536C,27514,,6,3597.79,
13/08/2017,536C,35800,,6,1479.33,
16/08/2017,536C,35850,,13,5678.62,
14/06/2016,536C,29220,,4,4142.41,
08/06/2015,536C,23227,,21,1541.04,
04/08/2016,536C,29997,,3,19804.80,
21/08/2017,536C,35924,,33,3405.38,
22/08/2017,536C,35941,,4,3975.19,
24/08/2015,536C,24427,,8,596.54,
25/08/2015,536C,24447,,2,21400.00,
26/08/2015,536C,24465,,5,931.94,
25/08/2015,536C,24445,,1,1728.59,
27/08/2015,536C,24483,,5,575.62,
29/08/2015,536C,24488,,10,121.96,
02/09/2015,536C,24576,,16,522.89,
03/09/2015,536C,24602,,4,31.50,
08/07/2015,536C,23699,,4,345.41,
09/07/2015,536C,23702,,5,8006.97,
09/07/2015,536C,23724,,1,4530.33,
11/07/2015,536C,23727,,5,806.82,
11/07/2015,536C,23728,,15,1277.86,
15/07/2015,536C,23798,,1,112.46,
14/07/2015,555R,23791,,1,162.00,
14/07/2015,536C,23797,,17,1858.76,
22/07/2015,536C,23908,,3,279.50,
25/07/2015,536C,23925,,5,565.86,
26/07/2015,536C,23953,,3,36038.00,
27/07/2015,536C,23976,,5,2238.49,
29/07/2015,536C,24012,,7,1231.51,
22/09/2015,536C,24886,,44,5725.07,
28/09/2015,536C,24934,,10,1283.22,
29/09/2015,536C,24957,,14,2903.96,
26/09/2015,536C,24901,,22,1161.70,
30/10/2017,536C,36951,,7,4633.34,
24/11/2015,536C,25843,,19,6052.38,
26/11/2015,536C,25874,,2,21016.00,
30/09/2021,536C,60695,,4,39211.60,
06/10/2021,536C,60753,,1,33997.60,
06/10/2021,536C,60754,,2,30172.87,
04/04/2021,536C,58742,,8,5262.80,
29/08/2016,536C,30436,,2,481.87,
16/07/2015,536C,23836,,3,247.44,
20/07/2015,555J,23860,,1,86040.00,
19/07/2015,536C,23843,,18,2076.94,
21/07/2015,536C,23886,,7,401.07,
11/08/2015,536C,24211,,6,186.92,
01/04/2015,536C,22184,,20,1238.38,
01/04/2015,536C,22186,,8,904.28,
01/07/2015,536C,23583,,9,932.73,
07/05/2015,536C,22740,,45,10723.35,
09/05/2015,536C,22742,,5,53.82,
04/04/2015,536C,22209,,27,16485.71,
06/04/2015,536C,22264,,19,2793.88,
11/04/2015,536C,22326,,15,3735.54,
27/02/2017,536C,33309,,23,2770.63,
27/02/2017,536C,33297,,1,12488.00,
27/02/2017,536C,33298,,1,12488.00,
26/02/2017,536C,33290,,3,27527.36,
15/01/2017,536C,32630,,2,33420.80,
12/03/2015,536C,21872,,1,23440.00,
12/03/2015,536C,21873,,11,396.42,
16/03/2015,536C,21927,,26,2972.29,
17/03/2015,536C,21953,,10,227.09,
18/03/2015,536C,21971,,3,522.83,
17/10/2015,536C,25203,,10,644.81,
19/10/2015,536C,25259,,33,1616.53,
28/12/2016,536C,32338,,1,6671.71,
21/02/2016,536C,27252,,6,603.25,
22/02/2016,536C,27274,,1,422.69,
23/02/2016,536C,27298,,6,1974.72,
25/02/2016,536C,27350,,6,4414.27,
17/05/2015,536C,22859,,3,581.02,
14/05/2015,536C,22848,,7,1574.54,
14/05/2015,555J,22849,,3,4712.25,
18/06/2015,536C,23409,,1,23440.00,
20/06/2015,9999,23424,,2,1122.30,
20/06/2015,9999,23425,,1,223.80,
30/06/2015,9999,23575,,2,2383.17,
21/06/2015,536C,23440,,6,46472.00,
21/06/2015,536C,23441,,3,37008.00,
24/06/2015,536C,23482,,25,2407.03,
25/06/2015,536C,23497,,11,1385.21,
13/08/2015,536C,24253,,9,297.86,
13/08/2015,555J,24240,,1,43020.00,
13/02/2016,536C,27093,,12,1552.26,
18/02/2016,536C,27214,,8,3332.66,
12/11/2017,536C,37132,,9,5208.79,
24/04/2017,522K-SRV,34207,,2,16900.00,
04/12/2016,536C,31974,,1,12488.00,
04/12/2016,536C,31975,,2,24976.00,
17/10/2017,536C,36743,,4,772.94,
24/05/2016,536C,28867,,7,773.07,
26/05/2016,536C,28902,,5,134400.00,
26/05/2016,536C,28920,,4,1884.46,
25/05/2016,536C,28897,,2,1450.58,
30/05/2016,536C,28989,,3,2895.83,
11/01/2017,536C,32551,,1,24976.00,
11/01/2017,536C,32554,,1,12488.00,
18/10/2017,536C,36760,,2,15443.68,
02/07/2017,536C,35199,,4,1688.43,
06/07/2017,536C,35266,,4,756.53,
15/08/2015,536C,24256,,8,476.55,
17/08/2015,536C,24315,,5,664.97,
18/08/2015,536C,24332,,7,134.75,
10/09/2015,536C,24702,,15,977.74,
12/09/2015,536C,24704,,5,377.03,
15/09/2015,536C,24773,,9,3391.00,
19/09/2015,536C,24811,,2,20304.00,
19/09/2015,536C,24812,,24,6072.16,
30/07/2015,536C,24028,,13,535.83,
03/08/2015,536C,24064,,2,9680.00,
04/07/2017,536C,35219,,14,523.87,
06/07/2017,536C,35268,,8,586.05,
10/07/2017,536C,35304,,7,733.02,
10/07/2017,536C,35305,,4,19925.04,
01/08/2015,536C,24029,,7,124.28,
17/03/2016,536C,27692,,14,1638.86,
17/03/2016,536C,27695,,1,23440.00,
16/03/2016,536C,27672,,2,50.24,
19/03/2016,536C,27696,,4,5870.04,
01/11/2017,536C,36980,,2,129.74,
01/11/2017,536C,36996,,7,3295.67,
08/10/2015,536C,25103,,38,1377.92,
10/10/2015,536C,25104,,12,5120.17,
26/07/2018,536C,40672,,1,5043.34,
26/07/2018,536C-SP,40673,,2,10.02,
12/05/2016,536C,28653,,2,48432.00,
09/05/2016,536C,28594,,9,1794.75,
14/01/2018,536C,37950,,2,6065.74,
14/01/2018,536I,37951,,3,27935.20,
12/04/2018,536C,39271,,2,219.92,
31/03/2016,555J,27946,,17,109000.00,
18/05/2015,536C,22890,,4,768.23,
19/05/2015,536C,22910,,2,301.20,
20/05/2015,536C,22923,,3,39588.00,
20/05/2015,536C,22924,,6,40600.00,
20/05/2015,536C,22925,,8,2196.70,
25/05/2015,536C,22994,,7,704.59,
13/04/2015,536C,22368,,8,775.50,
14/04/2015,536C,22383,,5,4911.73,
15/04/2015,536C,22401,,6,650.64,
16/04/2015,536C,22420,,14,4042.85,
16/12/2015,536C,26174,,6,1267.13,
17/12/2015,536C,26193,,2,18006.00,
17/12/2015,536C,26196,,2,21400.00,
20/12/2015,536C,26230,,2,17688.00,
09/06/2015,536C,23248,,7,2559.93,
10/06/2015,536C,23272,,13,2278.05,
11/06/2015,536C,23294,,4,453.98,
10/03/2016,536C,27548,,2,20.98,
13/03/2016,555J,27597,,2,59.70,
14/03/2016,536C,27628,,15,2321.75,
30/06/2021,536C,59698,,13,1157.89,
31/03/2020,555D,54660,,1,51469.47,
26/09/2017,536C,36420,,11,1273.97,
22/12/2016,536C,32250,,2,33420.80,
21/12/2016,536C,32232,,1,16710.40,
30/12/2015,536C,26398,,2,15168.00,
23/10/2017,536C,36837,,2,115.04,
25/10/2017,536C,36861,,12,2788.47,
09/08/2016,536C,30082,,3,21159.20,
25/10/2017,536C,36884,,1,83.05,
25/04/2015,536C,22525,,5,871.84,
27/04/2015,536C,22578,,20,2362.83,
28/04/2015,536C,22601,,14,347.58,
02/05/2015,536C,22643,,45,9172.57,
02/05/2015,536C,22645,,21,1872.80,
21/10/2015,536C,25304,,25,4699.10,
25/10/2015,536C,25351,,3,44840.00,
22/10/2015,536C,25319,,5,3327.24,
24/10/2015,536C,25321,,8,2676.37,
06/05/2015,555J,22723,KUI DIRECT SHIPMENT INVOICE NO. A23887,1,43020.00,
03/05/2015,536C,22671,,2,18688.00,
03/05/2015,536C,22672,,2,17688.00,
04/05/2015,536C,22688,,20,2586.16,
01/09/2016,536C,30498,,4,2295.76,
18/08/2016,536C,30227,,18,1456.23,
02/06/2016,536C,29056,,9,3893.97,
16/02/2017,536C,33125,,2,12796.50,
19/02/2017,536C,33172,,2,14258.64,
11/07/2016,536C,29587,,4,39264.00,
05/01/2017,536C,32460,,6,1880.71,
17/09/2017,536C,36286,,14,1471.80,
18/09/2017,536C,36323,,4,34000.20,
24/05/2017,536C,34672,,3,23641.10,
28/05/2017,536C,34752,,3,16868.80,
28/05/2017,536C,34756,,2,11966.20,
03/09/2017,536C,36088,,13,3133.76,
04/09/2017,536C,36115,,7,2211.71,
06/09/2017,536C,36136,,3,16187.04,
18/11/2015,536C,25747,,4,5495.55,
19/11/2015,536C,25757,,1,23440.00,
21/11/2015,536C,25770,,7,893.78,
29/06/2017,536C,35182,,16,896.15,
29/06/2017,536C,35183,,14,517.98,
01/09/2015,536C,24555,,10,1116.49,
05/09/2015,536C,24603,,4,427.15,
01/09/2015,536C,24542,,4,719.49,
16/11/2015,536C,25702,,12,357.70,
16/11/2015,536C,25703,,3,19968.00,
26/11/2017,536C,37332,,9,2127.48,
27/09/2017,536C,36437,,9,447.23,
25/12/2017,536C,37768,,19,28544.90,
19/09/2018,536C,41547,,3,35678.32,
20/09/2018,536C,41576,,3,3673.86,
16/07/2016,536C,29649,,10,570.85,
03/04/2019,536C,46395,,20,2308.90,
07/11/2018,522K-MKT,42398,,2,55200.00,
07/11/2018,536C,42415,,14,2823.31,
15/01/2018,536C,37965,,12,1141.16,
19/01/2017,536C,32689,,4,932.92,
19/01/2017,536C,32707,,8,642.99,
24/04/2019,536C,47048,,3,34692.80,
05/12/2018,536C,42919,,17,8196.22,
29/12/2019,536C,52477,,2,20800.00,
07/10/2019,536C,50557,,1,32600.00,
07/10/2019,536C,50558,,1,32600.00,
28/01/2019,536C,44104,,3,38581.28,
06/02/2019,536C,44302,,2,13788.00,
07/02/2019,536C,44339,,4,28425.88,
12/01/2020,555J,52711,,1,51088.00,
25/07/2021,536C,59917,,5,37099.70,
29/07/2021,536C,59968,,2,14006.70,
08/01/2019,536K,43640,,1,16544.40,
09/01/2019,536C,43663,,14,729.08,
27/08/2017,536C,36012,,4,419.38,
27/06/2018,536C,40208,,2,13682.08,
28/11/2015,536C,25877,,8,728.23,
30/06/2016,536C,29482,,7,4098.03,
10/10/2018,522K-MKT,41920,,2,55088.00,
10/10/2018,522K-MKT,41909,,2,0.00,
26/01/2016,536C,26823,,2,162.26,
27/01/2016,536C,26838,,2,823.46,
28/01/2016,536C,26861,,2,65.06,
25/01/2016,536C,26799,,5,199.70,
18/03/2018,536C,38915,,1,16710.40,
08/04/2019,536C,46571,,1,32600.00,
08/04/2019,536C,46573,,2,33160.00,
27/04/2020,536C,54952,,58,9281.30,
27/04/2020,536C-AAQ,54953,,5,1856.95,
27/04/2020,536C-SP,54954,,4,1671.82,
05/08/2018,536C,40814,,10,933.36,
02/02/2016,555J,26925,,4,104000.00,
04/02/2016,536C,26973,,4,3850.52,
08/02/2016,536C,27032,,12,695.02,
22/01/2017,536C,32738,,2,17028.90,
25/01/2017,536C,32796,,7,3810.82,
07/10/2015,536C,25076,,6,372.70,
07/10/2015,536C,25077,,2,17960.00,
15/02/2016,536C,27138,,7,653.15,
10/02/2016,536C,27074,,1,1562.94,
16/02/2016,536C,27173,,2,36712.00,
19/11/2018,536C,42607,,2,16584.00,
19/11/2018,536C,42615,,4,33830.00,
23/08/2017,536C,35959,,3,4425.58,
24/08/2017,536C,35987,,5,328.07,
17/08/2017,536C,35881,,5,1145.15,
04/10/2017,536C,36556,,5,656.08,
11/11/2018,536C,42464,,1,635.91,
18/12/2018,536C,43224,,6,1964.79,
23/11/2017,536C,37316,,7,2447.53,
30/01/2019,536C,44165,,17,1913.78,
03/12/2017,536C,37424,,7,2229.59,
20/11/2018,536C,42646,,3,35277.12,
09/12/2018,536C,42983,,7,3893.91,
07/02/2017,536C,32977,,14,7526.83,
13/02/2017,536C,33080,,6,2069.38,
07/09/2017,536C,36155,,7,671.59,
09/09/2017,536C,36157,,10,465.39,
06/09/2017,536C,36139,,3,249.52,
08/07/2019,536C,48531,,2,29270.64,
07/11/2017,536C,37071,,6,155.80,
08/11/2017,536C,37082,,14,3994.90,
21/06/2020,536C,55883,,74,15902.08,
01/11/2020,536C,57329,,55,15386.89,
17/03/2020,536C,54371,,1,32600.00,
17/03/2020,536C,54372,,2,30694.00,
25/04/2019,536C,47076,,2,65732.00,
18/02/2019,522K-MKT,44681,,1,31600.00,
18/02/2019,522K-MKT,44682,,1,31600.00,
19/02/2019,536C,44732,,5,617.89,
19/02/2019,536C,44734,,2,16710.40,
10/06/2020,536C,55656,,21,4281.75,
27/01/2020,536C,53101,,3,24372.80,
26/05/2019,536C,47732,,4,38530.72,
02/10/2014,536C,19501,,44,2289.16,
08/10/2014,536C,19547,,6,855.94,
06/10/2014,536C,19512,,18,1462.98,
07/10/2014,536C,19529,,3,113.27,
09/10/2014,536C,19564,,5,925.47,
17/11/2014,555J,20149,123,1,124400.00,
07/12/2014,536C,20433,,3,249.00,
19/11/2014,536C,20179,,2,42800.00,
18/11/2014,536C,20163,,16,764.61,
19/11/2014,536C,20180,,4,179.57,
26/11/2014,536C,20293,,8,7310.78,
27/11/2014,536C,20308,,19,4154.82,
04/12/2014,536C,20404,,8,2387.25,
30/11/2014,536C,20335,,27,6450.09,
25/12/2014,536C,20718,,3,1485.61,
27/12/2014,536C,20720,,1,5.59,
22/12/2014,536C,20662,,11,5004.48,
29/12/2014,536C,20771,,1,1113.84,
05/01/2015,536C,20852,,23,1748.00,
06/01/2015,536C,20869,,13,2304.28,
07/01/2015,536C,20884,,7,967.46,
20/04/2021,536C,58907,,3,15724.80,
25/04/2021,536C,58965,,15,4007.87,
31/01/2015,536C,21228,,9,1408.39,
02/02/2015,536C,21271,,13,2860.35,
05/02/2015,536C,21329,,9,819.74,
07/02/2015,536C,21331,,11,4013.59,
03/02/2015,536C,21287,,12,5396.06,
19/08/2020,536C,56614,,2,39860.80,
23/08/2020,536C,56644,,50,8634.46,
20/04/2020,536C,54845,,2,9899.12,
17/10/2019,536C,50812,,1,16300.00,
22/10/2019,536C,50931,,10,3730.74,
12/07/2020,536C,56246,,51,9611.23,
22/07/2020,536C,56350,,33,2149.48,
06/12/2020,536C,57643,,20,11330.64,
27/09/2020,536C,56987,,35,5952.97,
29/09/2020,536C,57014,,23,5206.40,
31/03/2016,555J,27947,,24,117201.10,
31/03/2016,555J,27948,,3,13176.00,
05/04/2016,536C,28017,,2,22952.00,
09/02/2016,536C,27051,,6,117.01,
20/03/2018,536C,38947,,7,506.32,
20/03/2018,536C,38948,KGO DIRECT SHIPMENT INVOICE NO. 12327998,2,25242.00,
22/03/2018,536C,38981,,5,651.38,
13/12/2018,522K-MKT,43108,,1,8503.00,
13/12/2018,522K-MKT,43109,,4,0.00,
13/12/2018,522K-MKT,43110,,10,75380.00,
10/04/2018,536C,39235,,4,313.29,
19/07/2017,536C,35437,,3,29237.36,
18/07/2017,536C,35436,,10,4079.61,
24/07/2017,536C,35524,,12,2997.10,
21/05/2018,536C,39757,,2,16983.12,
10/12/2015,536C,26077,,4,603.91,
23/07/2017,536C,35508,,3,33366.00,
25/07/2017,536C,35543,,7,2744.19,
26/07/2017,536C,35556,,7,668.33,
02/08/2017,536C,35658,,2,377.11,
27/07/2017,536C,35577,,7,2605.85,
03/07/2019,536K,48430,,2,21736.60,
04/07/2019,536C,48463,,1,24976.00,
13/10/2015,536C,25181,,84,15334.91,
14/10/2015,536C,25200,,7,682.11,
05/05/2019,536C,47304,,1,1873.20,
20/11/2014,536C,20199,,10,1289.40,
23/11/2014,536C,20225,,18,1041.96,
14/06/2020,536C,55736,,14,3951.43,
11/04/2019,536C,46698,,1,32600.00,
11/04/2019,536C,46699,,1,32600.00,
11/04/2019,536C,46700,,1,32600.00,
11/04/2019,536C,46701,,1,32600.00,
14/04/2019,536C,46753,,1,32600.00,
05/12/2017,536C,37480,,9,439.31,
24/01/2019,536C,44035,,2,32576.32,
07/01/2019,522K-MKT,43608,,8,55088.00,
07/01/2019,522K-MKT,43609,,7,59521.00,
07/01/2019,522K-MKT,43610,,2,0.00,
10/10/2017,536C,36630,,11,2211.27,
09/01/2020,536C,52706,,17,18592.99,
23/01/2018,536C,38075,,8,5889.79,
23/01/2018,536C,38076,,2,301.74,
23/01/2018,536C,38077,,3,3188.17,
31/03/2020,536C,54651,,2,30694.00,
09/08/2020,536C,56496,,39,14063.61,
13/08/2020,536C,56552,,2,29504.40,
16/08/2020,536C,56573,,5,38410.00,
29/01/2018,536C,38169,,14,2187.12,
27/02/2019,536C,45107,,4,18595.34,
04/02/2019,522K-SP,44237,,1,664.74,
22/01/2015,536C,21108,,6,497.66,
24/01/2015,536C,21110,,4,7158.13,
27/01/2015,536C,21176,,16,1003.45,
28/01/2015,536C,21211,,4,109.27,
29/01/2015,536C,21221,,9,219.05,
26/01/2020,536C,53056,,4,2737.84,
26/01/2020,536C,53077,,1,32600.00,
26/01/2020,536C,53078,,1,32600.00,
26/01/2020,536C,53079,,2,34352.00,
26/01/2020,536C,53080,,1,6520.00,
26/01/2020,536C,53076,,3,32636.00,
19/05/2019,522K-MKT,47566,,8,55088.00,
19/05/2020,536C,55304,,11,1886.65,
31/05/2020,536C,55450,,15,3848.66,
26/01/2015,536C,21161,,13,2798.26,
25/11/2019,536C,51749,,3,37460.00,
25/10/2020,536C,57267,,43,5303.52,
25/11/2014,536C,20261,,21,5316.93,
04/02/2021,522K,58187,,1,23.26,
04/02/2021,530L-MOD,58185,,7,56665.60,
04/02/2021,530L-MOD,58188,,26,306316.43,
07/02/2021,536C,58204,,35,4585.94,
06/11/2019,536C,51321,,6,6282.82,
01/08/2019,536C,49117,,1,24976.00,
01/08/2019,536C,49118,,1,33420.80,
13/11/2014,536C,20093,,13,894.40,
17/11/2014,536C,20146,,16,4761.01,
30/12/2014,536C,20788,,15,3267.75,
13/11/2019,536C,51479,,2,29740.50,
13/11/2019,536C,51480,,2,33314.00,
13/11/2019,536C,51481,,3,35540.80,
14/11/2019,536C,51518,,3,25326.30,
14/05/2020,536C,55223,,25,5654.50,
27/10/2019,522K-MKT,51064,HENSLEY BUCKET SHIPMENTHENSLEY INVOICE REF. 1655001,10,76880.00,
28/10/2019,522K,51084,,1,114.48,
28/10/2019,536C,51093,,8,2030.72,
12/09/2021,536C,60502,,3,40380.00,
16/09/2021,536C,60554,,3,27691.80,
16/09/2021,536C,60555,,2,34200.00,
19/09/2021,536C,60580,,3,44073.40,
12/10/2020,536C,57134,,35,7851.01,
14/07/2021,536C,59863,,1,33997.60,
14/07/2021,536C,59864,,2,25498.20,
29/11/2020,536C,57618,,30,2861.04,
26/08/2020,536C,56671,,2,35928.00,
27/08/2020,536C,56692,,1,11239.20,
31/08/2020,536C,56723,,116,20154.18,
19/07/2020,536C,56322,,44,12678.16,
22/09/2021,536C,60605,,1,26408.80,
31/01/2021,536C,58142,,37,15486.66,
04/07/2021,536C,59734,,14,2025.32,
19/11/2017,536C,37235,,3,27019.02,
21/11/2017,536C,37276,,2,29674.68,
28/04/2016,555J,28418,,1,16744.61,
22/03/2016,536C,27771,,12,10674.48,
10/01/2019,536C,43696,,3,36348.00,
23/03/2016,536C,27797,,5,449.08,
12/07/2018,5242,40428,,1,98094.07,
02/02/2016,536C,26932,,13,2635.45,
01/02/2016,536C,26915,,2,130.88,
07/02/2016,536C,27007,,4,1299.94,
07/08/2017,536C,35724,,15,6658.43,
25/09/2018,536C,41650,,3,706.28,
27/09/2018,536C,41701,,2,12846.56,
14/08/2017,536C,35820,,6,1552.19,
11/12/2017,536C,37561,,7,579.69,
13/02/2019,536C,44519,,3,36596.48,
26/11/2018,536C,42773,,24,1954.36,
04/10/2020,536C,57065,,49,8887.17,
06/10/2020,536C,57090,,2,22110.20,
17/01/2019,536K,43856,,2,22639.60,
17/01/2019,536C,43864,,2,28204.40,
14/12/2016,536C,32133,,1,12488.00,
09/07/2019,536C,48565,,3,31590.60,
29/06/2020,536C,56029,,36,4939.30,
13/09/2017,536C,36254,,9,2234.12,
16/10/2017,536C,36706,,2,13871.60,
16/07/2019,536C,48719,,4,33105.40,
16/07/2019,536C,48720,,1,352.70,
18/10/2020,536C,57209,,58,11608.26,
10/01/2021,536C,57944,,13,2193.19,
10/01/2021,536C,57945,,7,1431.60,
17/01/2021,536C,58010,,46,11691.84,
05/07/2020,536C,56150,,56,3069.10,
11/09/2019,536C,49903,,2,39570.00,
09/05/2019,536C,47387,,3,24903.10,
10/03/2019,536C,45498,,1,32600.00,
12/03/2019,536C,45551,,3,695.70,
17/09/2014,536C,19278,,1,10.85,
17/09/2014,555J,19282,,1,71.83,
17/09/2014,555J,19283,,1,32.34,
17/09/2014,555J,19284,,2,104.17,
16/10/2014,536C,19658,,11,755.69,
20/10/2014,536C,19718,,31,13259.73,
19/10/2014,536C,19684,,20,1307.83,
20/11/2019,522K-MKT,51640,,3,26019.00,
20/11/2019,522K-MKT,51642,,7,60711.00,
05/11/2014,536C,19961,,10,3021.42,
06/11/2014,536C,19986,,8,1533.49,
02/11/2014,536C,19910,,2,50.04,
21/10/2014,536C,19747,,23,4410.77,
22/10/2014,536C,19760,,12,3133.84,
23/10/2014,536C,19788,,4,148.55,
26/10/2014,536C,19810,,11,5107.67,
27/10/2014,536C,19827,,6,2081.02,
28/10/2014,536C,19849,,5,425.50,
29/10/2014,536C,19867,,12,509.14,
10/11/2014,536C,20036,,7,617.77,
09/11/2014,536C,20015,,7,497.87,
09/11/2014,536C,20016,,1,827.70,
11/11/2014,536C,20054,,5,372.73,
17/12/2019,536C,52211,,4,37620.00,
10/05/2021,536C,59112,,1,32600.00,
10/05/2021,536C,59113,,3,35824.30,
15/05/2021,536C,59132,,3,39930.00,
15/05/2021,536C,59133,,3,32148.00,
14/12/2014,536C,20533,,16,3157.21,
11/12/2014,536C,20509,,14,1821.61,
11/12/2014,555J,20510,,1,107.81,
17/12/2014,536C,20595,,4,380.70,
08/01/2015,536C,20900,,9,467.75,
10/01/2015,536C,20902,,1,268.20,
10/01/2015,536C,20903,,8,4329.14,
13/01/2015,536C,20971,,23,6240.98,
14/01/2015,536C,20990,,10,2462.64,
26/05/2020,536C,55380,,21,2103.79,
02/05/2021,522K,59040,,1,473.60,
11/04/2021,536C,58821,,26,5556.44,
14/04/2021,536C,58843,,3,26861.50,
14/04/2021,536C,58851,,5,30644.90,
15/11/2020,536C,57482,,27,3726.60,
24/12/2020,536C,57823,,11,2643.06,
14/01/2021,536C,57990,,1,32600.00,
14/01/2021,536C,57991,,3,13447.50,
17/05/2021,536C,59164,,31,4831.35,
19/05/2021,522K,59188,,2,1351.68,
18/05/2021,536C,59171,,1,24976.00,
20/05/2021,536C,59207,,2,9730.80,
18/01/2021,536C,58023,,1,0.00,
13/01/2021,536C,57980,,1,32600.00,
24/01/2021,536C,58071,,19,4038.88,
22/11/2020,536C,57550,,26,3589.74,
13/12/2020,536C,57713,,73,10574.17,
20/12/2020,536C,57779,,18,3564.54,
20/12/2020,536C,57778,,1,13.37,
14/07/2021,536C,59865,,2,29244.30,
14/07/2021,536C,59866,,1,33997.60,
14/07/2021,536C,59867,,5,37711.60,
14/07/2021,536C,59868,,1,26408.80,
08/08/2021,536C,60096,,32,7232.51,
09/08/2021,536C,60114,,4,39347.60,
15/08/2021,536C,60164,,3,26412.90,
15/08/2021,536C,60167,,4,36216.00,
04/07/2019,536C,48464,,1,33420.80,
12/09/2019,536C,49937,,2,29504.40,
13/12/2017,536C,37605,,2,10095.00,
08/03/2020,536C,54130,,31,5068.47,
25/09/2019,536C,50259,,3,17618.00,
30/01/2018,536C,38190,,2,1676.52,
25/04/2018,536C,39442,,3,30415.20,
26/04/2018,536C,39461,,7,4907.77,
28/08/2019,536C,49617,,1,12488.00,
12/10/2014,536C,19588,,12,3768.24,
14/10/2014,536C,19618,,9,2176.74,
15/10/2014,536C,19637,,4,431.74,
30/05/2019,536C,47796,,2,5458.28,
16/12/2014,536C,20580,,5,1178.27,
15/12/2014,536C,20565,,7,1349.00,
18/12/2014,536C,20615,,2,164.15,
20/12/2014,536C,20616,,5,1095.32,
24/12/2014,536C,20696,,11,6191.42,
29/09/2014,536C,19449,,11,7501.65,
30/09/2014,536C,19460,,6,298.12,
22/09/2014,536C,19350,,44,12936.86,
24/09/2014,536C,19388,,14,2059.83,
25/09/2014,536C,19405,,1,86.09,
16/11/2014,536C,20117,,34,3165.89,
12/11/2014,536C,20073,,11,2711.67,
07/03/2021,536C,58473,,20,3564.05,
01/12/2014,536C,20365,,3,37463.60,
03/12/2014,536C,20376,,13,1764.20,
01/12/2014,536C,20362,,5,263.52,
08/12/2014,536C,20452,,11,469.42,
10/12/2014,536C,20486,,4,422.11,
09/12/2014,536C,20467,,10,426.72,
15/01/2015,536C,21006,,4,555.07,
17/01/2015,536C,21007,,8,1266.77,
19/01/2015,536C,21054,,10,3325.09,
20/01/2015,536C,21061,,11,778.06,
21/01/2015,536C,21096,,8,829.27,
08/11/2020,536C,57415,,60,8381.66,
12/09/2021,536C,60499,,77,9975.54,
06/09/2020,536C,56778,,28,7995.50,
13/09/2020,536C,56856,,37,10787.15,
10/09/2020,536C,56828,,3,28554.00,
20/09/2020,536C,56913,,21,2644.66,
17/03/2021,536C,58576,,2,27282.00,
18/03/2021,522K,58584,,2,605.99,
21/03/2021,536C,58611,,37,5159.67,
24/03/2021,536C,58633,,4,34758.20,
14/03/2021,536C,58535,,34,3431.66,
21/02/2021,536C,58351,,25,10438.73,
25/02/2021,536C,58389,,2,14492.40,
28/03/2021,536C,58681,,16,3741.25,
15/06/2021,522K,59531,,8,59536.00,
15/06/2021,522K,59536,,1,0.00,
10/02/2021,536C,58247,,1,32600.00,
10/02/2021,536C,58248,,1,32600.00,
10/02/2021,522K,58244,,1,365.76,
11/02/2021,536C,58257,,1,32600.00,
11/02/2021,536C,58258,,2,31075.20,
11/02/2021,536C,58259,,3,30141.30,
18/02/2021,536C,58329,,4,36700.20,
